{
  "h_c": 0.2503872153342105,
  "linear": {
    "k": 0.0004932676926901428,
    "rmse": 8.038978925446708
  },
  "power": {
    "k": 5.086609159736151e-09,
    "p": 2.0072284008949497,
    "rmse": 3.2612562719716744,
    "r2": 0.998952790864571
  }
}