{
  "version": 1,
  "calibrated_at": "2026-06-12T10:54:18-04:00",
  "k_bulk": 0.0006047104982213263,
  "k_bulk_std": 0.005869870825113556,
  "target_torque_bulk": 30.0,
  "torque_window_bulk": [
    25.0,
    35.0
  ],
  "hit_point_offset_mm": 0.35,
  "cold_start_rpm": 5.0,
  "valid_rpms": [
    0.1,
    0.2,
    0.3,
    0.4,
    0.5,
    0.6,
    0.7,
    0.8,
    1.0,
    1.2,
    1.3,
    1.4,
    1.7,
    1.8,
    2.1,
    2.2,
    2.3,
    2.6,
    2.7,
    3.5,
    4.0,
    4.2,
    5.0,
    5.5,
    5.6,
    5.8,
    6.0,
    8.0,
    8.3,
    8.6,
    9.0,
    10.0,
    15.0,
    16.0,
    34.0,
    43.0,
    47.0,
    48.0,
    90.0,
    120.0,
    200.0
  ],
  "viscosity_table_path": "results/Viscosity Readings - Manual.csv",
  "notes": "Fit: manual_csv_median_surface_scaled, n=103"
}
