family,sample_id,n_replicates,mu_pred_mean_cP,mu_true_mean_cP,abs_pct_err_mean,abs_pct_err_median_of_reps,abs_pct_err_std,abs_pct_err_of_mean_pred
Sepineo,Sepineo|1%,2,2490.311725947334,2334.6666666666665,15.791092993247243,15.791092993247243,9.260913525815951,6.666693001741889
Sepineo,Sepineo|1.5%,3,17225.469207926722,13665.0,26.27585145679141,33.30877277175669,12.845695129365186,26.0553912032691
Sepineo,Sepineo|2%,3,61969.864894045204,54240.0,13.442713050083988,9.423679139151462,8.234793441711926,14.25122583710399
Silicone,l10000_sig_a11700,2,12863.777204717948,11700.0,9.946813715538015,9.946813715538015,4.356262909170814,9.946813715538015
Silicone,l10000_sl_a11860,14,8565.656848146244,11860.0,27.776923708716318,26.912158934869197,5.72181654679258,27.776923708716325
Silicone,l1000_sig_a1116,2,1216.2911845635726,1116.0,8.986665283474242,8.986665283474242,0.7336292817246112,8.98666528347425
Silicone,l12500_b_14590,7,11995.528598236473,14590.0,17.782531883231844,19.429596565612677,9.070993808699418,17.78253188323185
Silicone,l60000_sig_a74560,2,77575.29376432218,74560.0,4.044117173178891,4.044117173178891,5.6140309401059,4.044117173178891
Silicone,l60000_sil_a37020,16,27329.512917387055,37020.0,26.176356246928542,25.7044732112249,7.120108000061905,26.176356246928535
