family,sample_id,n_replicates,mu_pred_mean_cP,mu_true_mean_cP,abs_pct_err_mean,abs_pct_err_std,abs_pct_err_of_mean_pred
Sepineo,1.5%sep_17240,2,16744.780098733623,13665.0,22.75939079930877,15.994711419073912,22.53772483522593
Sepineo,2%sep_50110,2,62998.62297363914,54240.0,15.452230005550252,10.554368559486875,16.14790371246154
