family,sample_id,n_replicates,mu_pred_mean_cP,mu_true_mean_cP,abs_pct_err_mean,abs_pct_err_std,abs_pct_err_of_mean_pred
Sepineo,1.5%sep_17240,2,23834.1533772006,17240.0,47.7121534580147,12.894537349750573,38.24914951972506
Sepineo,2%sep_50110,2,58542.03684429085,50110.0,36.710324188211914,7.986258654563199,16.827054169409003
Silicone,l10000_sig_a11700,2,12863.777204717948,11700.0,9.946813715538015,4.356262909170814,9.946813715538015
Silicone,l10000_sl_a11860,14,8565.656848146244,11860.0,27.776923708716318,5.72181654679258,27.776923708716325
Silicone,l1000_sig_a1116,2,1216.2911845635726,1116.0,8.986665283474242,0.7336292817246112,8.98666528347425
Silicone,l12500_b_14590,7,11995.528598236473,14590.0,17.782531883231844,9.070993808699418,17.78253188323185
Silicone,l60000_sig_a74560,2,77575.29376432218,74560.0,4.044117173178891,5.6140309401059,4.044117173178891
Silicone,l60000_sil_a37020,16,27329.512917387055,37020.0,26.176356246928542,7.120108000061905,26.176356246928535
